bench,param,conc,op,variant,rep,requests,errors,ops_per_s,mib_per_s,p50_ms,p90_ms,p99_ms,p999_ms,ttfb_p50_ms,ttfb_p99_ms
get,16MiB,16,GET,minio,1,1526,0,125.92327113623026,2014.772338179684,125.242036,171.697919,228.991538,330.830483,46.13741,106.189247
get,4KiB,16,GET,minio,1,27561,0,2296.5796906260657,8.97101441650807,6.527624,10.896845,17.82647,22.215267,6.514962,17.817267
get,6MiB,16,GET,minio,1,3563,0,296.07743994971446,1776.4646396982869,52.729576,73.4282,102.088215,121.59826,30.354715,57.706036
mixed,1MiB,16,DELETE,minio,1,483,0,39.98800057299311,0.0,32.693376,68.034982,110.230713,127.154187,nan,nan
mixed,1MiB,16,GET,minio,1,2171,0,179.7390253498303,179.7390253498303,30.921461,64.993685,112.605252,142.379471,28.706593,92.237504
mixed,1MiB,16,PUT,minio,1,728,0,60.27176897958381,60.27176897958381,61.679151,151.986438,269.870523,286.331858,nan,nan
mixed,1MiB,16,STAT,minio,1,1466,0,121.37144687372235,0.0,21.737715,49.018828,79.137906,97.623154,nan,nan
put,16MiB,16,PUT,minio,1,51,0,3.6740708227396524,58.78513316383444,3892.140081,4226.084509,4612.719533,4612.719533,nan,nan
put,4KiB,16,PUT,minio,1,9356,0,778.5826763062879,3.041338579321437,19.955706,31.834387,42.679574,58.337516,nan,nan
put,6MiB,16,PUT,minio,1,130,0,9.883421024937974,59.30052614962784,1517.3461,1679.711153,1851.791715,1867.470506,nan,nan
get,16MiB,16,GET,sw-minio-like,1,1063,0,87.89728103523699,1406.3564965637918,169.654947,275.957171,385.225285,452.009397,72.451121,155.357128
get,4KiB,16,GET,sw-minio-like,1,58750,0,4895.590347233901,19.123399793882427,3.201785,4.311327,6.811689,9.695998,3.184672,6.775921
get,6MiB,16,GET,sw-minio-like,1,5750,0,478.073928506737,2868.443571040422,32.022138,49.979041,70.985367,85.149418,22.544627,41.507026
mixed,1MiB,16,DELETE,sw-minio-like,1,485,0,40.40486899038721,0.0,22.879674,45.332804,64.535135,74.21113,nan,nan
mixed,1MiB,16,GET,sw-minio-like,1,2183,0,181.86356496085622,181.86356496085622,30.355771,57.232658,85.327834,114.371608,29.610804,81.907495
mixed,1MiB,16,PUT,sw-minio-like,1,719,0,59.89917691564619,59.89917691564619,94.483434,133.043537,181.795858,213.624584,nan,nan
mixed,1MiB,16,STAT,sw-minio-like,1,1447,0,120.54813490534079,0.0,23.406477,44.362857,62.041328,80.436197,nan,nan
put,16MiB,16,PUT,sw-minio-like,1,56,0,4.000648819224528,64.01038110759245,3538.540103,4263.110655,4722.843395,4722.843395,nan,nan
put,4KiB,16,PUT,sw-minio-like,1,12001,0,999.5746362234037,3.9045884227476706,15.692964,20.292532,27.967699,35.733439,nan,nan
put,6MiB,16,PUT,sw-minio-like,1,134,0,10.518689824458969,63.11213894675381,1402.038844,1744.547433,2055.649579,2074.263657,nan,nan
get,16MiB,16,GET,sw-tuned,1,2213,0,183.773300568822,2940.372809101152,80.085655,148.306405,241.152506,357.101026,5.364909,37.034154
get,4KiB,16,GET,sw-tuned,1,58041,0,4837.106410899305,18.89494691757541,3.237747,4.356376,6.975091,9.885279,3.220647,6.948825
get,6MiB,16,GET,sw-tuned,1,5803,0,482.44308525248846,2894.6585115149305,31.618937,49.655404,69.954662,85.143501,23.048377,42.080647
mixed,1MiB,16,DELETE,sw-tuned,1,466,0,38.70468998433821,0.0,24.267834,46.164123,63.86849,69.944966,nan,nan
mixed,1MiB,16,GET,sw-tuned,1,2115,0,175.66613587312298,175.66613587312298,31.936648,57.529104,88.489453,111.978253,30.847973,86.572082
mixed,1MiB,16,PUT,sw-tuned,1,715,0,59.385951370819356,59.385951370819356,97.034587,135.426042,169.95718,188.688374,nan,nan
mixed,1MiB,16,STAT,sw-tuned,1,1407,0,116.86158542481515,0.0,24.309926,46.508209,66.86488,81.415999,nan,nan
put,16MiB,16,PUT,sw-tuned,1,55,0,3.9421017987015206,63.07362877922433,3558.620168,4590.678673,4970.309369,4970.309369,nan,nan
put,4KiB,16,PUT,sw-tuned,1,11930,0,993.3837467468982,3.880405260730071,15.753894,20.508218,28.811816,35.436093,nan,nan
put,6MiB,16,PUT,sw-tuned,1,133,0,10.491485216065676,62.94891129639406,1436.108765,1698.966927,1952.216508,1975.539192,nan,nan
