bench,param,conc,op,variant,rep,requests,errors,ops_per_s,mib_per_s,p50_ms,p90_ms,p99_ms,p999_ms,ttfb_p50_ms,ttfb_p99_ms,engine_cpu_pct
get,16MiB,16,GET,minio,1,1525,0,126.3627951635335,2021.804722616536,121.411325,172.598856,228.92635,279.65139,46.943059,108.05745,202.94
get,4KiB,16,GET,minio,1,28540,0,2377.7500359795486,9.288086078045112,6.2658,10.544049,17.542802,22.955447,6.25161,17.523158,198.43
get,6MiB,16,GET,minio,1,3545,0,294.48704187506013,1766.9222512503607,51.725845,73.936999,105.145144,308.680029,30.146915,60.309809,204.15
mixed,1MiB-rps120,16,DELETE,minio,1,685,0,12.01876779698254,0.0,1.522583,8.630622,74.051579,111.018921,nan,nan,41.537142857142854
mixed,1MiB-rps120,16,GET,minio,1,3078,0,54.00549967753614,54.00549967753614,1.793182,8.944952,50.010586,70.816218,1.328775,49.534406,41.537142857142854
mixed,1MiB-rps120,16,PUT,minio,1,1033,0,18.12465275077805,18.12465275077805,29.021342,62.209271,122.682631,160.690318,nan,nan,41.537142857142854
mixed,1MiB-rps120,16,STAT,minio,1,2044,0,35.863301280339144,0.0,0.724737,7.481238,46.524735,67.993801,nan,nan,41.537142857142854
put,16MiB,16,PUT,minio,1,49,0,3.5200491891731165,56.320787026769864,3904.916989,4758.653979,4915.660178,4915.660178,nan,nan,54.46
put,4KiB,16,PUT,minio,1,1080,0,89.288825664684,0.34878447525267187,172.656417,226.235674,295.030969,315.123429,nan,nan,16.22
put,6MiB,16,PUT,minio,1,124,0,10.063181739300749,60.37909043580449,1578.114822,1807.5172,1923.729204,1952.165553,nan,nan,29.44
get,16MiB,16,GET,sw-minio-like,1,1069,0,88.40808639685056,1414.529382349609,171.828009,271.789636,373.053516,421.754658,72.808729,163.914999,201.54500000000002
get,4KiB,16,GET,sw-minio-like,1,60876,0,5072.618148946321,19.814914644321565,3.079267,4.144787,6.7013,10.496643,3.062301,6.65816,203.44000000000003
get,6MiB,16,GET,sw-minio-like,1,5969,0,496.45911750308244,2978.7547050184944,30.608362,48.217294,69.670009,92.597553,22.149196,41.103747,205.04
mixed,1MiB-rps120,16,DELETE,sw-minio-like,1,680,0,11.931561217512746,0.0,0.715891,2.031748,12.958077,70.833374,nan,nan,58.45428571428572
mixed,1MiB-rps120,16,GET,sw-minio-like,1,3077,0,53.990314509245174,53.990314509245174,1.737267,4.754775,22.872367,98.770389,1.150388,21.726003,58.45428571428572
mixed,1MiB-rps120,16,PUT,sw-minio-like,1,1025,0,17.985073894044948,17.985073894044948,19.320038,33.880225,80.063341,208.147791,nan,nan,58.45428571428572
mixed,1MiB-rps120,16,STAT,sw-minio-like,1,2057,0,36.092972682976054,0.0,0.626927,1.424635,9.143433,75.256494,nan,nan,58.45428571428572
put,16MiB,16,PUT,sw-minio-like,1,53,0,3.9271548545671706,62.83447767307473,3648.548566,4308.879408,4662.621737,4662.621737,nan,nan,200.03499999999997
put,4KiB,16,PUT,sw-minio-like,1,12357,0,1028.8500256148188,4.018945412557886,15.159532,19.646793,28.785099,36.255747,nan,nan,202.355
put,6MiB,16,PUT,sw-minio-like,1,138,0,10.691239271350398,64.14743562810239,1358.847087,1729.087969,2206.578441,2378.18254,nan,nan,200.92000000000002
get,16MiB,16,GET,sw-tuned,1,2286,0,189.84300319971413,3037.488051195426,73.907979,152.342628,257.539943,356.514365,4.590072,51.747754,202.275
get,4KiB,16,GET,sw-tuned,1,60576,0,5047.130495920149,19.71535349968808,3.098608,4.173192,6.767594,9.391338,3.081934,6.718751,202.735
get,6MiB,16,GET,sw-tuned,1,5854,0,486.7289003548833,2920.3734021293,31.323626,49.452193,68.18938,82.538329,22.695402,41.250195,207.01
mixed,1MiB-rps120,16,DELETE,sw-tuned,1,680,0,11.931328838015498,0.0,0.744609,1.198857,6.09944,12.564074,nan,nan,61.48571428571428
mixed,1MiB-rps120,16,GET,sw-tuned,1,3077,0,53.98926299202012,53.98926299202012,1.532617,4.08641,11.471709,25.339534,1.033332,10.868521,61.48571428571428
mixed,1MiB-rps120,16,PUT,sw-tuned,1,1025,0,17.984723616126303,17.984723616126303,19.423797,30.426156,49.665855,62.482466,nan,nan,61.48571428571428
mixed,1MiB-rps120,16,STAT,sw-tuned,1,2058,0,36.109815806817494,0.0,0.650142,0.886865,5.607569,13.153542,nan,nan,61.48571428571428
put,16MiB,16,PUT,sw-tuned,1,52,0,3.8883859987763865,62.21417598042218,3565.32564,4265.992236,5025.280157,5025.280157,nan,nan,192.02999999999997
put,4KiB,16,PUT,sw-tuned,1,12402,0,1032.2145505334265,4.032088088021197,15.154689,19.667221,27.752917,35.524931,nan,nan,200.15
put,6MiB,16,PUT,sw-tuned,1,132,0,10.498986622539938,62.99391973523963,1408.322442,1746.27899,2180.268839,2210.368805,nan,nan,205.35500000000002
